Name,1_90s,1_Pos,1_xG,1_PrgC,1_PrgP,1_xA,1_OffAct,2_90s,2_Pos,2_xG,2_PrgC,2_PrgP,2_xA,2_OffAct,Team
Iker Losada,0.0,MF,0.1780952065959119,1.9028431469986113,3.5790407319203705,0.11090891315997337,5.612484865670665,37.4,MF,0.18,2.06,4.17,0.12,5.51,Racing de Ferrol
Peque,0.0,FW,0.46158579280486395,1.5152160714184697,4.077266998915951,0.10205421793143334,4.733066950275102,31.5,FW,0.5,1.56,4.83,0.1,4.54,'Racing de Santander
